Model,TOPSIS Score,Rank
BERT,0.8749619217644997,1
RoBERTa,0.7148514589040573,2
SBERT,0.4168266936582226,3
DistilBERT,0.1432172391375025,4
Universal Sentence Encoder,0.1293333573141638,5
